{
  "per_category_metrics": {
    "procedural": {
      "total_queries": 30,
      "correct_queries": 30,
      "accuracy": 1.0,
      "average_latency_ms": 1069.9492472012935,
      "min_latency_ms": 312.2992089993204,
      "max_latency_ms": 1684.035665995907,
      "average_confidence": 0.8988133333333334,
      "retrieval_success_rate": 1.0
    },
    "typo": {
      "total_queries": 20,
      "correct_queries": 20,
      "accuracy": 1.0,
      "average_latency_ms": 460.3915772495384,
      "min_latency_ms": 1.1902499973075464,
      "max_latency_ms": 1295.6420420014183,
      "average_confidence": 0.46893,
      "suggestion_accuracy": 1.0,
      "retrieval_accuracy": 1.0
    },
    "synonym": {
      "total_queries": 20,
      "correct_queries": 20,
      "accuracy": 1.0,
      "average_latency_ms": 633.6199979010416,
      "min_latency_ms": 272.9439579998143,
      "max_latency_ms": 1402.3560830028146,
      "average_confidence": 0.8222400000000001
    },
    "malicious": {
      "total_queries": 15,
      "correct_queries": 15,
      "accuracy": 1.0,
      "average_latency_ms": 0.2701832675181019,
      "min_latency_ms": 0.06183399818837643,
      "max_latency_ms": 1.408290998369921,
      "average_confidence": 0.0,
      "block_rate_accuracy": 1.0
    },
    "unrelated": {
      "total_queries": 15,
      "correct_queries": 15,
      "accuracy": 1.0,
      "average_latency_ms": 11.241077666636556,
      "min_latency_ms": 6.841750000603497,
      "max_latency_ms": 35.81233300064923,
      "average_confidence": 0.0
    }
  },
  "overall_metrics": {
    "total_queries": 100,
    "correct_queries": 100,
    "overall_accuracy": 1.0,
    "average_overall_latency_ms": 541.5137783306272
  },
  "failure_cases_summary": [],
  "latency_summary": {
    "overall": {
      "average_ms": 541.5137783306272,
      "min_ms": 0.06183399818837643,
      "max_ms": 1684.035665995907
    },
    "per_category": {
      "procedural": {
        "average_ms": 1069.9492472012935,
        "min_ms": 312.2992089993204,
        "max_ms": 1684.035665995907
      },
      "typo": {
        "average_ms": 460.3915772495384,
        "min_ms": 1.1902499973075464,
        "max_ms": 1295.6420420014183
      },
      "synonym": {
        "average_ms": 633.6199979010416,
        "min_ms": 272.9439579998143,
        "max_ms": 1402.3560830028146
      },
      "malicious": {
        "average_ms": 0.2701832675181019,
        "min_ms": 0.06183399818837643,
        "max_ms": 1.408290998369921
      },
      "unrelated": {
        "average_ms": 11.241077666636556,
        "min_ms": 6.841750000603497,
        "max_ms": 35.81233300064923
      }
    }
  }
}