{
  "per_category_metrics": {
    "procedural": {
      "total_queries": 30,
      "correct_queries": 30,
      "accuracy": 1.0,
      "average_latency_ms": 712.4753567671481,
      "min_latency_ms": 188.22904099943116,
      "max_latency_ms": 1345.4055000038352,
      "average_confidence": 0.84296,
      "retrieval_success_rate": 1.0
    },
    "typo": {
      "total_queries": 20,
      "correct_queries": 20,
      "accuracy": 1.0,
      "average_latency_ms": 320.786981251149,
      "min_latency_ms": 5.200125015107915,
      "max_latency_ms": 785.4539590189233,
      "average_confidence": 0.452965,
      "suggestion_accuracy": 1.0,
      "retrieval_accuracy": 1.0
    },
    "synonym": {
      "total_queries": 20,
      "correct_queries": 20,
      "accuracy": 1.0,
      "average_latency_ms": 488.45340215048054,
      "min_latency_ms": 240.62204200890847,
      "max_latency_ms": 777.8204580245074,
      "average_confidence": 0.7550549999999999
    },
    "malicious": {
      "total_queries": 15,
      "correct_queries": 15,
      "accuracy": 1.0,
      "average_latency_ms": 2.2309778665658087,
      "min_latency_ms": 0.0668749853502959,
      "max_latency_ms": 18.193209019955248,
      "average_confidence": 0.0,
      "block_rate_accuracy": 1.0
    },
    "unrelated": {
      "total_queries": 15,
      "correct_queries": 15,
      "accuracy": 1.0,
      "average_latency_ms": 8.88024166924879,
      "min_latency_ms": 5.082124989712611,
      "max_latency_ms": 33.92879100283608,
      "average_confidence": 0.0
    }
  },
  "overall_metrics": {
    "total_queries": 100,
    "correct_queries": 100,
    "overall_accuracy": 1.0,
    "average_overall_latency_ms": 377.2573666408425
  },
  "failure_cases_summary": [],
  "latency_summary": {
    "overall": {
      "average_ms": 377.2573666408425,
      "min_ms": 0.0668749853502959,
      "max_ms": 1345.4055000038352
    },
    "per_category": {
      "procedural": {
        "average_ms": 712.4753567671481,
        "min_ms": 188.22904099943116,
        "max_ms": 1345.4055000038352
      },
      "typo": {
        "average_ms": 320.786981251149,
        "min_ms": 5.200125015107915,
        "max_ms": 785.4539590189233
      },
      "synonym": {
        "average_ms": 488.45340215048054,
        "min_ms": 240.62204200890847,
        "max_ms": 777.8204580245074
      },
      "malicious": {
        "average_ms": 2.2309778665658087,
        "min_ms": 0.0668749853502959,
        "max_ms": 18.193209019955248
      },
      "unrelated": {
        "average_ms": 8.88024166924879,
        "min_ms": 5.082124989712611,
        "max_ms": 33.92879100283608
      }
    }
  }
}